(0[1-9]|1[0-2])/(0[1-9]|1[0-9]|2[0-9]|3[0-1])/(19[0-9][0-9]|(200[0-9]|201[0-6]))

06/14/2020 ==> Aaron,Olson,06/14/2020,Male,aolsongl@dmoz.org,777 Maple Lane,Evansville,IN,47737,1-(812)103-5990,1-(703)158-1486,1-(623)937-0786,120.115.35.189
10/29/2020 ==> Adam,Butler,10/29/2020,Male,abutlerl7@drupal.org,468 Florence Lane,Washington,DC,20551,1-(202)747-1487,1-(314)876-9187,1-(210)574-5492,58.38.97.201
04/02/2020 ==> Alice,Austin,04/02/2020,Female,aaustinc6@rambler.ru,5567 Buhler Way,Kansas City,MO,64153,1-(816)246-4879,1-(316)825-3647,1-(816)603-6302,123.163.158.208
08/10/2020 ==> Alice,Gonzales,08/10/2020,Female,agonzales1z@samsung.com,291 Paget Junction,New York City,NY,10160,1-(212)638-5470,1-(901)425-4448,1-(254)187-2392,114.116.212.84
11/18/2020 ==> Amanda,Bryant,11/18/2020,Female,abryantd1@census.gov,3001 Butterfield Center,Baton Rouge,LA,70836,1-(225)820-2138,1-(703)143-0307,1-(915)267-2723,206.143.192.234
05/27/2020 ==> Amanda,Kennedy,05/27/2020,Female,akennedy4i@usatoday.com,69 Longview Lane,Cleveland,OH,44111,1-(216)975-3098,1-(318)467-1205,1-(601)959-6428,64.25.116.62
06/25/2020 ==> Amanda,Wilson,06/25/2020,Female,awilsonev@sogou.com,8 Riverside Parkway,Rockford,IL,61110,1-(815)804-0585,1-(816)816-2629,1-(202)770-1558,8.154.83.121
08/30/2020 ==> Amy,Dean,08/30/2020,Female,adeanor@indiegogo.com,3811 4th Trail,Shawnee Mission,KS,66276,1-(913)762-7777,1-(815)905-9511,1-(614)891-3889,5.217.255.183
06/19/2020 ==> Andrew,Miller,06/19/2020,Male,amillerhr@vinaora.com,7 Village Point,Madison,WI,53779,1-(608)925-9645,1-(202)606-2424,1-(314)957-2698,91.227.109.188
09/22/2020 ==> Annie,Dixon,09/22/2020,Female,adixon9x@soup.io,96 Fordem Plaza,Manassas,VA,22111,1-(434)973-4447,1-(651)265-7849,1-(707)472-6145,61.148.152.169
03/27/2020 ==> Antonio,Dunn,03/27/2020,Male,adunn86@irs.gov,31480 Lighthouse Bay Street,Huntsville,AL,35805,1-(256)938-6259,1-(317)248-4289,1-(214)609-8912,155.133.60.46
09/06/2020 ==> Antonio,Spencer,09/06/2020,Male,aspencerr9@google.com.hk,7 Stephen Trail,Norcross,GA,30092,1-(770)384-9474,1-(505)245-4054,1-(313)963-4977,25.148.21.206
09/19/2020 ==> Arthur,Ramos,09/19/2020,Male,aramosfr@example.com,1362 Monument Hill,Bonita Springs,FL,34135,1-(941)778-8861,1-(239)557-7801,1-(714)841-6897,240.135.249.108
05/04/2020 ==> Ashley,Alvarez,05/04/2020,Female,aalvarezh9@pen.io,8 Hallows Circle,Los Angeles,CA,90081,1-(213)788-6865,1-(813)765-0075,1-(561)308-2774,143.244.80.85
10/04/2020 ==> Beverly,Black,10/04/2020,Female,bblackhl@ask.com,6 Village Green Alley,Bellevue,WA,98008,1-(425)196-8407,1-(205)578-4848,1-(909)592-4755,146.228.232.130
08/14/2020 ==> Billy,Ward,08/14/2020,Male,bward9r@apache.org,0275 Jenna Court,Saint Petersburg,FL,33731,1-(727)486-8569,1-(720)479-3250,1-(865)245-2134,224.227.71.106
08/20/2020 ==> Brenda,Austin,08/20/2020,Female,baustin4f@slideshare.net,694 Graceland Point,Oklahoma City,OK,73104,1-(405)844-2227,1-(585)568-8715,1-(907)653-3298,170.160.113.121
12/06/2020 ==> Brenda,Garrett,12/06/2020,Female,bgarrettp6@japanpost.jp,25 Delladonna Hill,Colorado Springs,CO,80951,1-(719)166-4881,1-(303)448-2759,1-(510)837-1936,.107.95.69
01/08/2020 ==> Brenda,Sanchez,01/08/2020,Female,bsanchezgs@umn.edu,497 Village Green Avenue,Milwaukee,WI,53215,1-(414)927-6418,1-(775)501-9793,1-(502)596-8588,87.119.99.46
03/09/2020 ==> Brenda,Scott,03/09/2020,Female,bscott8i@feedburner.com,249 Mayer Terrace,Bradenton,FL,34282,1-(941)757-6536,1-(916)307-4364,1-(361)320-4658,68.236.249.7
10/28/2020 ==> Brian,Alvarez,10/28/2020,Male,balvarezm9@reddit.com,04751 Fieldstone Point,Tacoma,WA,98442,1-(253)852-8195,1-(570)606-2099,1-(937)561-5280,75.141.67.57
03/22/2020 ==> Brian,Hill,03/22/2020,Male,bhill4v@si.edu,9695 South Parkway,Los Angeles,CA,90071,1-(562)356-9823,1-(619)692-8309,1-(410)237-3856,147.137.210.117
08/11/2020 ==> Carlos,Lane,08/11/2020,Male,clanef4@fc2.com,6 1st Park,Rochester,NY,14609,1-(585)990-1954,1-(651)441-4179,1-(615)507-8626,106.166.83.210
09/27/2020 ==> Carol,Mccoy,09/27/2020,Female,cmccoy4q@illinois.edu,06717 Upham Alley,Gaithersburg,MD,20883,1-(240)355-0027,1-(248)214-9735,1-(857)241-1571,49.133.107.175
05/26/2020 ==> Carol,Ramos,05/26/2020,Female,cramosjb@howstuffworks.com,60 Nelson Circle,Santa Fe,NM,87505,1-(505)934-2404,1-(801)275-7392,1-(406)514-7007,145.186.173.252
03/24/2020 ==> Carolyn,Cox,03/24/2020,Female,ccox83@webnode.com,9727 Corscot Lane,Port Washington,NY,9678-3456,1-(516)145-7177,1-(260)761-7280,1-(916)763-9969,102.150.237.72
04/01/2020 ==> Carolyn,Foster,04/01/2020,Female,cfoster2q@uiuc.edu,1481 Hanson Parkway,Houston,TX,77250,1-(713)574-5307,1-(941)962-3356,1-(407)145-7930,163.182.109.244
08/13/2020 ==> Carolyn,Robertson,08/13/2020,Female,crobertson32@tripod.com,41629 Loomis Lane,Baltimore,MD,21211,1-(410)216-3915,1-(571)342-8662,1-(409)882-4403,197.237.103.28
05/14/2020 ==> Catherine,Dixon,05/14/2020,Female,cdixonox@reuters.com,2294 Schlimgen Lane,Shawnee Mission,KS,66210,1-(816)229-4330,1-(713)268-2218,1-(302)264-9328,133.73.249.1
09/09/2020 ==> Cheryl,Black,09/09/2020,Female,cblackkk@usda.gov,6249 Sutherland Alley,New York City,NY,10249,1-(212)617-0362,1-(813)232-2439,1-(317)584-9950,9.155.163.51
06/15/2020 ==> Cheryl,Hall,06/15/2020,Female,challfg@ustream.tv,7 6th Road,Fort Lauderdale,FL,33320,1-(754)701-8451,1-(785)980-2824,1-(305)820-8242,58.127.133.29
07/28/2020 ==> Chris,Perry,07/28/2020,Male,cperry1z@pagesperso-orange.fr,0 Hanover Hill,Birmingham,AL,35242,1-(205)158-5985,1-(405)714-1229,1-(405)176-2664,173.74.47.98
07/23/2020 ==> Chris,Ramos,07/23/2020,Male,cramos8a@nih.gov,2050 Mifflin Crossing,Yakima,WA,98907,1-(509)862-0501,1-(727)205-4697,1-(814)524-7539,36.200.107.222
12/10/2020 ==> Christina,Martinez,12/10/2020,Female,cmartinezrq@w3.org,33 Victoria Point,Newport News,VA,23612,1-(757)196-2359,1-(225)506-3444,1-(610)933-8388,127.25.32.242
08/10/2020 ==> Christina,Moreno,08/10/2020,Female,cmoreno7m@goodreads.com,03 Porter Way,Lexington,KY,40546,1-(859)408-3618,1-(515)678-6115,1-(719)136-1006,179.78.45.13
11/25/2020 ==> Christopher,Little,11/25/2020,Male,clittlep6@accuweather.com,6302 Sheridan Trail,North Hollywood,CA,91616,1-(213)444-3854,1-(609)633-4698,1-(239)796-2352,95.177.62.154
03/17/2020 ==> Christopher,Watkins,03/17/2020,Male,cwatkinsh0@jugem.jp,6 Sullivan Hill,Atlanta,GA,30328,1-(404)954-1583,1-(563)940-3533,1-(240)565-0579,132.49.81.62
02/07/2020 ==> Craig,Mcdonald,02/07/2020,Male,cmcdonald1f@freewebs.com,94 Alpine Street,Farmington,MI,48335,1-(248)411-9419,1-(831)863-6348,1-(251)258-8998,36.210.127.79
10/09/2020 ==> Craig,Rice,10/09/2020,Male,cricec3@godaddy.com,0168 Thierer Circle,Colorado Springs,CO,80920,1-(719)813-1589,1-(559)750-7355,1-(352)149-5435,80.130.83.88
03/22/2020 ==> David,Hill,03/22/2020,Male,dhill8l@aol.com,229 Michigan Crossing,Palatine,IL,60078,1-(847)816-8459,1-(417)801-8862,1-(319)321-2755,155.115.189.198
05/17/2020 ==> David,Simmons,05/17/2020,Male,dsimmons1b@unc.edu,5 Redwing Avenue,San Francisco,CA,94164,1-(415)119-6367,1-(605)357-5942,1-(419)998-2104,85.135.71.112
08/30/2020 ==> Debra,Torres,08/30/2020,Female,dtorresel@scientificamerican.com,5 Algoma Place,Erie,PA,16522,1-(814)766-5302,1-(972)660-1728,1-(814)770-2963,214.229.94.75
10/08/2020 ==> Dennis,Andrews,10/08/2020,Male,dandrewsl8@walmart.com,8774 Westport Trail,Norman,OK,73071,1-(405)736-5729,1-(407)179-2830,1-(518)977-0164,164.134.214.190
09/30/2020 ==> Dennis,Davis,09/30/2020,Male,ddaviseo@diigo.com,42 Village Green Pass,El Paso,TX,88563,1-(915)526-3670,1-(443)513-2300,1-(305)144-7286,30.67.39.160
03/30/2020 ==> Diana,Griffin,03/30/2020,Female,dgriffin3r@fc2.com,775 Jenna Junction,Washington,DC,20220,1-(202)538-4123,1-(562)806-6965,1-(202)918-5042,43.53.194.29
11/26/2020 ==> Diane,Jones,11/26/2020,Female,djones8c@clickbank.net,386 Barnett Plaza,Lexington,KY,40546,1-(859)182-4385,1-(562)339-6267,1-(619)172-0577,183.162.65.119
11/19/2020 ==> Diane,Little,11/19/2020,Female,dlittled0@ocn.ne.jp,586 Mosinee Street,Wichita,KS,67236,1-(316)261-6980,1-(785)670-2046,1-(260)929-6450,197.222.93.116
04/01/2020 ==> Donald,Harper,04/01/2020,Male,dharper3h@nifty.com,13 La Follette Center,Whittier,CA,90605,1-(626)814-8971,1-(816)677-6831,1-(334)984-5256,203.2.99.3
07/20/2020 ==> Donna,Harvey,07/20/2020,Female,dharvey8@trellian.com,5712 Arkansas Parkway,Denver,CO,80291,1-(303)796-7897,1-(802)414-0739,1-(719)936-1121,241.213.152.197
09/12/2020 ==> Doris,Rose,09/12/2020,Female,drosegh@cafepress.com,97214 Colorado Center,San Luis Obispo,CA,93407,1-(805)343-3039,1-(256)319-5516,1-(614)589-8068,95.3.247.179
10/20/2020 ==> Douglas,Rodriguez,10/20/2020,Male,drodriguezx@ocn.ne.jp,76964 Kinsman Trail,Fort Wayne,IN,46862,1-(260)853-2417,1-(479)491-6771,1-(727)435-3975,97.52.158.83
03/29/2020 ==> Edward,Moreno,03/29/2020,Male,emorenokr@scribd.com,0 Center Alley,Tacoma,WA,98442,1-(253)599-5111,1-(813)900-2497,1-(818)482-3169,195.2.215.163
01/12/2020 ==> Elizabeth,Robertson,01/12/2020,Female,erobertsonoo@tinypic.com,48 Maple Avenue,Amarillo,TX,79159,1-(806)744-5587,1-(718)884-5460,1-(254)746-3342,105.73.118.248
02/07/2020 ==> Eric,Castillo,02/07/2020,Male,ecastillo8u@independent.co.uk,92 Hudson Plaza,Waco,TX,76711,1-(254)685-5550,1-(808)244-1415,1-(208)810-1085,169.41.251.48
09/07/2020 ==> Eric,Williamson,09/07/2020,Male,ewilliamsonen@hhs.gov,4509 Ridgeway Court,Saint Louis,MO,63143,1-(314)539-8909,1-(808)483-4005,1-(316)448-9939,183.58.151.87
09/23/2020 ==> Ernest,Butler,09/23/2020,Male,ebutlerql@timesonline.co.uk,11590 Coleman Junction,San Luis Obispo,CA,93407,1-(805)212-1281,1-(661)215-2392,1-(850)353-0653,225.174.99.171
01/30/2020 ==> Eugene,Hudson,01/30/2020,Male,ehudsoncq@scientificamerican.com,1221 Michigan Pass,Manchester,NH,03105,1-(603)497-1897,1-(303)979-8534,1-(360)725-7923,198.213.141.28
01/20/2020 ==> Evelyn,Griffin,01/20/2020,Female,egriffinqf@cafepress.com,203 Washington Alley,Pensacola,FL,32526,1-(850)534-8628,1-(503)548-3744,1-(815)632-5521,78.35.242.85
01/20/2020 ==> Frances,Murphy,01/20/2020,Female,fmurphyi6@icq.com,4 Crest Line Way,Orlando,FL,32830,1-(407)587-9375,1-(816)949-3838,1-(352)601-1674,112.53.13.157
05/21/2020 ==> Frances,Nichols,05/21/2020,Female,fnichols6m@pagesperso-orange.fr,40 Westport Point,El Paso,TX,79911,1-(915)480-6325,1-(646)466-7917,1-(717)946-9640,97.122.176.221
05/27/2020 ==> Frances,Rice,05/27/2020,Female,frice24@unblog.fr,34443 Sommers Way,Sarasota,FL,34238,1-(941)837-9173,1-(719)437-9173,1-(614)354-3906,69.106.56.90
07/06/2020 ==> Frank,Burns,07/06/2020,Male,fburnsew@wix.com,90064 Larry Way,Lincoln,NE,68517,1-(402)631-3801,1-(251)200-2995,1-(314)387-1102,133.64.247.60
12/04/2020 ==> Frank,Stewart,12/04/2020,Male,fstewartpr@wisc.edu,818 Ilene Center,Lafayette,LA,70593,1-(337)233-8819,1-(915)465-7791,1-(619)233-9691,65.47.93.213
07/04/2020 ==> Fred,WA,07/04/2020,Male,fwashington7z@jugem.jp,8771 Badeau Park,Anderson,IN,46015,1-(765)768-2591,1-(540)418-9697,1-(858)110-2529,239.117.55.217
06/18/2020 ==> Gary,Butler,06/18/2020,Male,gbutlernm@a8.net,7 Russell Pass,Albuquerque,NM,87105,1-(505)187-9682,1-(812)708-1000,1-(212)619-8226,192.51.164.168
06/26/2020 ==> George,Jordan,06/26/2020,Male,gjordanf5@kickstarter.com,42 Sutherland Street,Lancaster,PA,17622,1-(717)736-0962,1-(815)671-0658,1-(937)373-4566,150.99.142.244
01/08/2020 ==> Gloria,Hamilton,01/08/2020,Female,ghamiltong5@dailymail.co.uk,22 Scofield Trail,Springfield,OH,45505,1-(937)443-9390,1-(310)139-6862,1-(415)135-1493,42.82.56.157
05/09/2020 ==> Gloria,Marshall,05/09/2020,Female,gmarshalleh@latimes.com,770 Ohio Alley,Columbia,SC,29225,1-(803)816-1223,1-(309)254-0208,1-(253)967-6739,131.156.90.215
10/31/2020 ==> Gregory,Dean,10/31/2020,Male,gdean6r@bloglines.com,8314 Warner Trail,Portsmouth,NH,03804,1-(603)985-2459,1-(970)897-8270,1-(207)353-2138,10.183.32.230
07/12/2020 ==> Harold,Perry,07/12/2020,Male,hperrygt@yale.edu,5 Fremont Place,Tulsa,OK,74103,1-(918)215-1803,1-(803)974-7439,1-(850)754-0875,207.62.49.176
01/16/2020 ==> Harry,Barnes,01/16/2020,Male,hbarnesdt@cdc.gov,483 Lyons Circle,Richmond,CA,94807,1-(510)690-8806,1-(214)298-9968,1-(714)744-8123,55.177.29.141
06/09/2020 ==> Harry,Miller,06/09/2020,Male,hmiller1l@google.com.br,95506 Warbler Place,Houston,TX,77055,1-(281)716-8608,1-(210)911-4486,1-(503)364-0078,103.228.143.130
12/27/2020 ==> Helen,Porter,12/27/2020,Female,hportercp@fema.gov,32 Huxley Terrace,Worcester,MA,01610,1-(774)866-4832,1-(510)303-5869,1-(425)525-3269,90.92.208.156
04/11/2020 ==> Henry,Robinson,04/11/2020,Male,hrobinson8q@princeton.edu,5 Hudson Way,Modesto,CA,95354,1-(209)149-6805,1-(951)933-7947,1-(412)735-7950,136.238.118.113
06/14/2020 ==> Irene,Coleman,06/14/2020,Female,icolemanbt@springer.com,6 Buena Vista Road,Roanoke,VA,24040,1-(540)921-0799,1-(909)428-4663,1-(203)124-8451,198.224.185.101
10/13/2020 ==> Irene,Henry,10/13/2020,Female,ihenry5i@ucsd.edu,951 Green Ridge Avenue,Boston,MA,02283,1-(617)122-5877,1-(202)679-5218,1-(225)145-6018,161.31.66.150
04/27/2020 ==> Jack,Carter,04/27/2020,Male,jcarter6z@baidu.com,6 Utah Center,El Paso,TX,88584,1-(915)660-9266,1-(936)594-2445,1-(510)612-9481,71.151.225.245
04/14/2020 ==> Jane,Ramos,04/14/2020,Female,jramos3m@4shared.com,4 Fallview Avenue,Wichita,KS,67230,1-(316)732-2166,1-(805)597-3565,1-(901)582-1275,133.103.16.57
01/25/2020 ==> Janet,Schmidt,01/25/2020,Female,jschmidtey@barnesandnoble.com,924 Merry Point,West Palm Beach,FL,33405,1-(772)792-0877,1-(859)377-6281,1-(304)236-6096,200.210.247.90
03/29/2020 ==> Jason,Cruz,03/29/2020,Male,jcruzeq@walmart.com,548 Dapin Road,Macon,GA,31210,1-(478)132-4065,1-(585)525-6359,1-(919)817-3534,167.132.129.138
05/10/2020 ==> Jason,Mitchell,05/10/2020,Male,jmitchelllf@technorati.com,4588 8th Drive,Tacoma,WA,98442,1-(253)964-3801,1-(608)932-1470,1-(510)267-1332,138.98.159.93
05/09/2020 ==> Jean,Austin,05/09/2020,Female,jaustine9@unesco.org,30 Hazelcrest Plaza,Brooklyn,NY,11247,1-(212)159-2000,1-(719)497-4175,1-(210)766-0770,88.34.60.143
04/01/2020 ==> Jean,Henderson,04/01/2020,Female,jhendersonp1@time.com,8724 Service Point,Kansas City,MO,64190,1-(816)472-0830,1-(978)915-6389,1-(616)191-4408,66.117.183.162
03/16/2020 ==> Jean,Rose,03/16/2020,Female,jroseiy@squarespace.com,93378 Steensland Parkway,Raleigh,NC,27621,1-(919)849-0424,1-(706)415-7031,1-(509)166-2245,190.5.45.116
12/05/2020 ==> Jennifer,Ortiz,12/05/2020,Female,jortizm0@hao123.com,4933 Dexter Lane,Redwood City,CA,94064,1-(650)563-5447,1-(423)859-7271,1-(786)752-4385,54.253.245.234
11/01/2020 ==> Jeremy,Edwards,11/01/2020,Male,jedwardsok@nature.com,905 Duke Crossing,Brooklyn,NY,11210,1-(718)282-0829,1-(203)423-1518,1-(616)836-8489,51.41.126.233
03/22/2020 ==> Jimmy,Bennett,03/22/2020,Male,jbennettq7@nytimes.com,9508 Twin Pines Plaza,San Francisco,CA,94121,1-(415)162-5500,1-(702)209-7323,1-(770)447-5481,89.198.141.207
03/20/2020 ==> Jimmy,Kim,03/20/2020,Male,jkim8g@samsung.com,2 Blaine Road,Lakewood,WA,98498,1-(253)459-3796,1-(951)442-7692,1-(520)178-5776,165.115.128.79
08/09/2020 ==> Joan,Martinez,08/09/2020,Female,jmartinezk@microsoft.com,9 Grayhawk Junction,Sioux Falls,SD,57105,1-(605)705-3588,1-(440)114-1991,1-(817)455-6672,215.13.192.133
10/28/2020 ==> John,Pierce,10/28/2020,Male,jpiercegi@bing.com,8731 Westend Pass,Miami,FL,33169,1-(305)193-6493,1-(478)259-3552,1-(512)336-9043,100.84.135.235
10/04/2020 ==> Jonathan,Richards,10/04/2020,Male,jrichards8@house.gov,986 Old Shore Park,Jackson,MS,39282,1-(601)907-3120,1-(979)932-6221,1-(408)145-3838,247.27.70.183
09/07/2020 ==> Jose,Fisher,09/07/2020,Male,jfishera3@unicef.org,35 Sunnyside Court,Springfield,IL,62794,1-(217)504-3937,1-(360)769-3490,1-(916)197-7063,20.129.108.95
03/26/2020 ==> Jose,Greene,03/26/2020,Male,jgreene5z@mlb.com,7994 Northridge Avenue,Inglewood,CA,90305,1-(310)882-3754,1-(832)435-2726,1-(765)428-4144,3.210.24.72
09/27/2020 ==> Joshua,Cole,09/27/2020,Male,jcolel4@goodreads.com,6 Jenifer Drive,Inglewood,CA,90310,1-(310)401-7349,1-(714)548-2947,1-(207)476-4826,66.107.35.198
09/17/2020 ==> Juan,Robinson,09/17/2020,Male,jrobinsond7@live.com,7664 Mariners Cove Lane,Tampa,FL,33661,1-(813)287-8374,1-(217)671-2004,1-(515)432-1099,66.95.26.34
02/03/2020 ==> Judy,Moreno,02/03/2020,Female,jmoreno79@statcounter.com,61 Eagle Crest Court,Albany,NY,12205,1-(518)658-4773,1-(561)105-3370,1-(518)648-1446,185.115.123.49
08/06/2020 ==> Julia,Medina,08/06/2020,Female,jmedinacy@java.com,091 Buhler Drive,Fresno,CA,93786,1-(559)172-0449,1-(920)751-3950,1-(702)528-6857,25.47.200.224
12/12/2020 ==> Julia,Morris,12/12/2020,Female,jmorris1i@google.nl,1878 Huxley Street,Detroit,MI,48275,1-(313)857-9666,1-(408)711-9692,1-(209)493-6550,118.35.36.163
02/21/2020 ==> Julie,Morris,02/21/2020,Female,jmorrisdd@flavors.me,51785 Lien Crossing,Saint Louis,MO,63131,1-(636)969-2346,1-(916)258-7962,1-(330)761-2245,167.182.254.198
01/25/2020 ==> Justin,Dixon,01/25/2020,Male,jdixon5t@issuu.com,8 Montana Point,Oakland,CA,94611,1-(510)826-9757,1-(813)566-4030,1-(402)516-7832,36.204.41.91
01/22/2020 ==> Justin,Mcdonald,01/22/2020,Male,jmcdonaldkx@woothemes.com,1 Grim Park,Kansas City,MO,64149,1-(816)161-1410,1-(540)971-0420,1-(317)208-6686,146.48.176.113
03/28/2020 ==> Justin,Reid,03/28/2020,Male,jreidi8@yandex.ru,06730 Springview Alley,Tulsa,OK,74103,1-(918)249-8367,1-(804)432-5078,1-(713)676-0673,123.92.217.70
05/15/2020 ==> Karen,Anderson,05/15/2020,Female,kandersonap@acquirethisname.com,7623 Morningstar Drive,Vero Beach,FL,32969,1-(772)196-6081,1-(513)883-6108,1-(865)382-5708,218.7.74.203
10/16/2020 ==> Karen,Morrison,10/16/2020,Female,kmorrisonly@exblog.jp,82 Lakeland Place,New York City,NY,10099,1-(646)374-4562,1-(334)132-9938,1-(770)509-5732,229.123.254.141
05/09/2020 ==> Karen,Peterson,05/09/2020,Female,kpetersonjk@wikia.com,8 Acker Street,Providence,RI,02905,1-(401)400-4274,1-(214)477-2163,1-(505)289-1322,51.86.248.185
04/01/2020 ==> Karen,Robinson,04/01/2020,Female,krobinson7u@lulu.com,1396 Pawling Plaza,Fort Myers,FL,33994,1-(239)255-1667,1-(516)770-7751,1-(585)174-1247,106.114.14.90
11/11/2020 ==> Katherine,Johnston,11/11/2020,Female,kjohnstonbu@yandex.ru,0 Beilfuss Alley,Houston,TX,77293,1-(281)616-2917,1-(971)709-4137,1-(509)731-8089,43.64.89.165
08/08/2020 ==> Kathryn,Berry,08/08/2020,Female,kberryps@whitehouse.gov,5355 Sugar Court,Indianapolis,IN,46226,1-(317)675-4632,1-(571)159-9270,1-(419)205-3344,91.90.216.186
06/21/2020 ==> Kathryn,Lane,06/21/2020,Female,klanerc@unesco.org,2544 Granby Crossing,Saint Louis,MO,63196,1-(314)965-5851,1-(716)488-1107,1-(704)256-0000,144.169.83.246
07/31/2020 ==> Kelly,Perez,07/31/2020,Female,kperez9u@feedburner.com,7 Fremont Street,Hollywood,FL,33023,1-(305)459-7899,1-(619)249-2303,1-(626)613-1387,174.235.73.235
03/22/2020 ==> Kimberly,Young,03/22/2020,Female,kyoungkt@booking.com,5 Novick Pass,Chattanooga,TN,37410,1-(423)520-7993,1-(916)450-8380,1-(213)771-6540,65.147.75.136
10/23/2020 ==> Laura,Ford,10/23/2020,Female,lford6h@imageshack.us,5 Iowa Lane,Oakland,CA,94616,1-(415)799-2361,1-(202)642-5744,1-(505)369-7349,246.185.114.241
01/03/2020 ==> Lillian,Ford,01/03/2020,Female,lfordql@loc.gov,720 Shelley Court,San Francisco,CA,94105,1-(415)304-2602,1-(414)388-1365,1-(915)523-0704,208.40.78.185
04/25/2020 ==> Lillian,Jones,04/25/2020,Female,ljonesf0@angelfire.com,98558 Lotheville Drive,Riverside,CA,92519,1-(951)353-9418,1-(915)266-2834,1-(303)749-4955,6.235.158.10
08/02/2020 ==> Linda,Snyder,08/02/2020,Female,lsnyderl@usda.gov,060 Starling Crossing,Lexington,KY,40581,1-(859)952-8144,1-(914)576-5723,1-(612)966-5697,79.51.38.210
10/16/2020 ==> Lois,Elliott,10/16/2020,Female,lelliottv@dyndns.org,1 Scofield Center,San Diego,CA,92127,1-(760)926-4770,1-(305)574-6844,1-(303)869-0791,54.41.60.83
04/13/2020 ==> Lori,Freeman,04/13/2020,Female,lfreemanp7@state.gov,4 Meadow Vale Plaza,Sterling,VA,20167,1-(571)823-8054,1-(757)394-0634,1-(812)277-1402,214.20.231.4
04/25/2020 ==> Louis,Harris,04/25/2020,Male,lharris8d@aol.com,001 Carey Way,Fort Worth,TX,76115,1-(682)190-0055,1-(971)652-2438,1-(813)151-0162,223.94.193.132
02/25/2020 ==> Louise,Dixon,02/25/2020,Female,ldixon64@techcrunch.com,2846 Kenwood Crossing,Atlanta,GA,30380,1-(404)672-8572,1-(518)997-2226,1-(256)149-3920,125.27.44.79
03/17/2020 ==> Margaret,Turner,03/17/2020,Female,mturnermb@google.cn,47 Summit Way,Northridge,CA,91328,1-(818)626-0512,1-(816)628-5092,1-(724)626-0050,240.170.149.198
11/06/2020 ==> Marie,Edwards,11/06/2020,Female,medwardsiw@yandex.ru,573 Towne Circle,Las Vegas,NV,89145,1-(702)424-7877,1-(770)360-5781,1-(954)755-4909,34.144.197.186
03/17/2020 ==> Marie,Miller,03/17/2020,Female,mmiller5b@canalblog.com,4431 Oak Valley Pass,Carol Stream,IL,60158,1-(309)657-4663,1-(785)611-8006,1-(989)834-3589,239.168.150.252
09/04/2020 ==> Marilyn,Mcdonald,09/04/2020,Female,mmcdonaldd0@senate.gov,29 Dakota Street,Stockton,CA,95205,1-(209)378-1342,1-(702)702-4885,1-(402)815-5639,192.222.192.105
02/06/2020 ==> Mark,Ellis,02/06/2020,Male,mellis5u@moonfruit.com,03 Union Court,Wilmington,NC,28405,1-(910)434-5722,1-(682)897-4210,1-(203)384-8140,115.131.243.186
11/07/2020 ==> Mark,Gutierrez,11/07/2020,Male,mgutierrez8e@parallels.com,34 Paget Terrace,Hamilton,OH,45020,1-(937)633-7958,1-(518)801-5996,1-(262)996-1348,12.115.129.50
12/23/2020 ==> Martha,Boyd,12/23/2020,Female,mboydgi@google.pl,180 Pine View Parkway,El Paso,TX,88525,1-(915)364-6844,1-(202)347-8507,1-(718)474-9406,77.72.191.44
04/21/2020 ==> Matthew,George,04/21/2020,Male,mgeorge72@a8.net,5074 Nova Drive,Rochester,MN,55905,1-(507)107-9214,1-(312)129-2973,1-(501)573-0321,240.201.135.117
02/01/2020 ==> Matthew,Holmes,02/01/2020,Male,mholmesqg@fc2.com,1 Springs Trail,Stockton,CA,95298,1-(209)817-5764,1-(216)917-9508,1-(404)176-1064,193.9.2.120
09/07/2020 ==> Matthew,Wright,09/07/2020,Male,mwrightam@foxnews.com,01 Hanover Parkway,Flint,MI,48505,1-(810)160-9768,1-(202)692-4955,1-(318)895-7027,2.20.71.218
01/20/2020 ==> Michael,Richardson,01/20/2020,Male,mrichardson6h@msn.com,7 Monument Drive,Las Vegas,NV,89145,1-(702)286-9235,1-(312)601-7607,1-(901)712-8875,147.77.214.251
01/14/2020 ==> Michelle,Ward,01/14/2020,Female,mward3u@buzzfeed.com,3 Autumn Leaf Hill,West Hartford,CT,06127,1-(860)586-9543,1-(678)432-7368,1-(719)157-2675,99.201.146.0
11/09/2020 ==> Mildred,Morrison,11/09/2020,Female,mmorrison14@liveinternet.ru,88355 Artisan Park,San Jose,CA,95118,1-(408)584-9793,1-(832)176-4551,1-(509)763-1948,131.135.158.2
11/12/2020 ==> Nicholas,Hansen,11/12/2020,Male,nhansenf8@dedecms.com,44 Waxwing Point,Carlsbad,CA,92013,1-(760)876-9632,1-(757)679-7793,1-(202)944-6863,181.242.113.167
12/07/2020 ==> Pamela,Campbell,12/07/2020,Female,pcampbellnh@discovery.com,0830 Rieder Hill,Warren,OH,44485,1-(330)401-5223,1-(850)902-2269,1-(909)785-5783,130.219.141.38
09/04/2020 ==> Pamela,Sanders,09/04/2020,Female,psanders4y@arstechnica.com,757 Myrtle Drive,Flushing,NY,11355,1-(917)451-1608,1-(713)642-3600,1-(843)410-4217,237.20.244.20
02/01/2020 ==> Patricia,Richards,02/01/2020,Female,prichardsb1@cnn.com,7538 Judy Alley,Atlanta,GA,30386,1-(404)663-6645,1-(561)245-8623,1-(480)491-1591,167.72.0.156
09/24/2020 ==> Patrick,Dunn,09/24/2020,Male,pdunnbx@ft.com,3 Crowley Alley,Portland,OR,97286,1-(503)283-5764,1-(571)537-1176,1-(408)345-1784,5.199.203.105
09/15/2020 ==> Paul,Lawson,09/15/2020,Male,plawsonjw@ycombinator.com,60 Bobwhite Way,San Jose,CA,95138,1-(408)453-4985,1-(717)194-5124,1-(304)119-2109,174.111.131.166
03/06/2020 ==> Paula,Grant,03/06/2020,Female,pgrantiw@dagondesign.com,96 Rigney Drive,Las Vegas,NV,89125,1-(702)786-1672,1-(907)846-3993,1-(302)209-8588,172.28.246.89
10/05/2020 ==> Paula,Kelly,10/05/2020,Female,pkelly72@ibm.com,710 Bluejay Pass,Oklahoma City,OK,73135,1-(405)335-4412,1-(806)741-6420,1-(585)476-4183,70.114.83.144
03/01/2020 ==> Peter,Richardson,03/01/2020,Male,prichardsonpg@disqus.com,731 Thackeray Court,Washington,DC,20299,1-(202)652-0272,1-(901)418-4304,1-(503)925-5421,89.8.142.200
04/05/2020 ==> Philip,Hunt,04/05/2020,Male,phunt1@auda.org.au,823 Oriole Place,Rochester,NY,14609,1-(585)659-3658,1-(423)495-1719,1-(503)830-5073,131.108.31.126
07/07/2020 ==> Phyllis,Castillo,07/07/2020,Female,pcastillonc@google.com.au,0 Mayer Parkway,Tulsa,OK,74156,1-(918)705-9755,1-(913)881-1539,1-(478)540-6037,143.151.43.44
08/23/2020 ==> Ralph,Fernandez,08/23/2020,Male,rfernandeziq@google.cn,3075 Schmedeman Street,Salem,OR,97306,1-(503)953-3389,1-(210)407-5364,1-(302)233-9500,243.98.5.149
05/13/2020 ==> Randy,Larson,05/13/2020,Male,rlarson80@nationalgeographic.com,10 John Wall Street,Richmond,VA,23225,1-(540)952-7714,1-(320)257-4804,1-(205)499-2249,97.24.101.156
05/26/2020 ==> Raymond,Wilson,05/26/2020,Male,rwilsonpn@issuu.com,2 Cambridge Alley,Lexington,KY,40505,1-(859)533-6321,1-(713)106-2177,1-(919)524-3798,212.172.244.217
12/05/2020 ==> Richard,Rodriguez,12/05/2020,Male,rrodriguezaj@statcounter.com,0027 Express Parkway,Provo,UT,84605,1-(801)700-9489,1-(785)534-8969,1-(217)336-9072,50.17.223.37
01/17/2020 ==> Ronald,Reid,01/17/2020,Male,rreid9x@wordpress.org,8 Pond Trail,Buffalo,NY,14269,1-(716)613-8728,1-(616)497-6420,1-(702)370-7483,54.31.224.27
11/26/2020 ==> Rose,Sanders,11/26/2020,Female,rsanderses@t.co,0318 Mifflin Place,Waltham,MA,02453,1-(978)239-3055,1-(562)833-9440,1-(479)254-7381,238.206.92.86
05/11/2020 ==> Ruth,Hill,05/11/2020,Female,rhilljz@surveymonkey.com,747 Golf Course Lane,Hartford,CT,06183,1-(860)948-3102,1-(502)525-5168,1-(205)171-7190,79.126.207.94
07/18/2020 ==> Ryan,Ford,07/18/2020,Male,rford52@chron.com,92365 Arkansas Trail,New York City,NY,10009,1-(718)738-6292,1-(763)228-0209,1-(913)744-8542,30.121.11.57
04/24/2020 ==> Ryan,Mccoy,04/24/2020,Male,rmccoy4u@mtv.com,24865 Hoard Plaza,Daytona Beach,FL,32128,1-(386)996-8734,1-(630)656-2966,1-(404)558-0184,253.4.169.127
10/22/2020 ==> Samuel,Boyd,10/22/2020,Male,sboyd13@domainmarket.com,44634 Moland Pass,Birmingham,AL,35279,1-(205)955-5350,1-(717)242-0400,1-(713)591-1606,255.43.48.68
06/17/2020 ==> Sandra,Alvarez,06/17/2020,Female,salvarezns@umn.edu,5498 Steensland Road,Fort Collins,CO,80525,1-(970)433-8058,1-(202)459-5494,1-(440)505-3781,42.163.48.36
10/12/2020 ==> Sandra,Arnold,10/12/2020,Female,sarnold6i@dedecms.com,69851 Atwood Terrace,Merrifield,VA,22119,1-(571)468-7051,1-(208)867-0611,1-(323)964-6185,157.122.107.144
08/31/2020 ==> Sara,Phillips,08/31/2020,Female,sphillipsdn@facebook.com,56 Gerald Way,Lake Worth,FL,33462,1-(561)852-2561,1-(305)477-6815,1-(678)377-7595,231.169.132.81
03/18/2020 ==> Sarah,Hamilton,03/18/2020,Female,shamiltonqw@amazon.com,97 Cardinal Parkway,Dallas,TX,75367,1-(214)477-4206,1-(804)703-5087,1-(202)540-8134,58.206.140.238
09/14/2020 ==> Scott,Hernandez,09/14/2020,Male,shernandezg4@cloudflare.com,5 Lyons Alley,Pompano Beach,FL,33069,1-(954)480-8362,1-(901)394-7562,1-(918)971-6642,189.208.215.175
03/28/2020 ==> Sharon,Hill,03/28/2020,Female,shillk7@sitemeter.com,3938 Huxley Road,Saint Louis,MO,63169,1-(314)918-3493,1-(505)280-9494,1-(714)835-9074,250.60.92.205
07/06/2020 ==> Shawn,Martinez,07/06/2020,Male,smartinez86@pbs.org,869 Northview Park,North Las Vegas,NV,89036,1-(702)706-4869,1-(763)503-1438,1-(209)364-0131,217.80.23.174
05/23/2020 ==> Shirley,Austin,05/23/2020,Female,saustinmk@quantcast.com,8914 Ryan Road,Las Vegas,NV,89125,1-(702)851-8716,1-(512)960-4608,1-(770)741-7202,146.34.84.88
06/14/2020 ==> Shirley,Gardner,06/14/2020,Female,sgardnermt@instagram.com,25 Prairie Rose Way,Boise,ID,83716,1-(208)389-3673,1-(937)637-8135,1-(707)954-4324,92.109.61.12
01/19/2020 ==> Shirley,Reed,01/19/2020,Female,sreedj3@com.com,6102 Prairieview Trail,Jackson,MS,39210,1-(601)148-8915,1-(571)774-5403,1-(303)100-4204,190.173.24.69
11/05/2020 ==> Stephanie,Henry,11/05/2020,Female,shenryh5@census.gov,617 Prairie Rose Road,Stockton,CA,95210,1-(209)902-6405,1-(202)877-4416,1-(205)705-7585,13.255.7.187
11/18/2020 ==> Stephen,Johnston,11/18/2020,Male,sjohnstondv@vimeo.com,5 Lakewood Gardens Drive,Washington,DC,20409,1-(202)527-9471,1-(281)309-4338,1-(619)926-2934,134.165.157.247
01/08/2020 ==> Steve,Rogers,01/08/2020,Male,srogers50@census.gov,0346 Gina Road,Cleveland,OH,44105,1-(216)697-2397,1-(806)695-9441,1-(509)823-3499,250.78.173.166
03/30/2020 ==> Steven,Carter,03/30/2020,Male,scarterho@usa.gov,5409 Di Loreto Terrace,Jamaica,NY,11436,1-(718)368-9008,1-(330)928-6854,1-(805)442-0866,42.105.18.8
07/16/2020 ==> Steven,Ferguson,07/16/2020,Male,sferguson6e@w3.org,1 Pearson Pass,Memphis,TN,38197,1-(901)476-0475,1-(203)357-1034,1-(405)484-8391,75.110.243.132
12/22/2020 ==> Steven,Hall,12/22/2020,Male,shalljw@ehow.com,15663 Glacier Hill Place,Salt Lake City,UT,84135,1-(801)292-8731,1-(202)948-8958,1-(202)565-2451,193.140.201.193
11/15/2020 ==> Susan,Oliver,11/15/2020,Female,soliver1@bloomberg.com,4 Shasta Point,Houston,TX,77223,1-(713)242-1509,1-(574)709-9258,1-(267)409-3801,170.68.210.230
02/10/2020 ==> Tammy,Snyder,02/10/2020,Female,tsnyderkm@reverbnation.com,7 Jackson Circle,Fredericksburg,VA,22405,1-(540)681-4019,1-(410)197-3028,1-(518)405-5453,70.16.149.232
10/14/2020 ==> Tammy,Spencer,10/14/2020,Female,tspencerj5@google.it,69288 Russell Point,Boynton Beach,FL,33436,1-(561)986-4767,1-(661)476-0688,1-(309)559-0773,13.43.156.187
10/26/2020 ==> Teresa,Hicks,10/26/2020,Female,thickso1@pcworld.com,335 Everett Junction,Austin,TX,78764,1-(512)255-8590,1-(619)802-7156,1-(202)286-3668,30.35.137.189
04/09/2020 ==> Teresa,Montgomery,04/09/2020,Female,tmontgomeryll@hexun.com,33070 Erie Lane,Columbia,MO,65211,1-(573)864-8736,1-(713)838-7146,1-(334)767-0551,130.32.18.25
10/23/2020 ==> Terry,Robertson,10/23/2020,Male,trobertsonay@cpanel.net,5839 Ludington Point,Homestead,FL,33034,1-(786)219-1832,1-(971)919-4643,1-(310)860-5354,17.177.84.162
09/25/2020 ==> Thomas,Ramos,09/25/2020,Male,tramosqw@histats.com,45 Eastwood Hill,Worcester,MA,01610,1-(508)692-2325,1-(425)825-2511,1-(702)902-8333,3.56.65.20
11/05/2020 ==> Thomas,Ray,11/05/2020,Male,traypo@walmart.com,631 Schlimgen Pass,Pensacola,FL,32511,1-(850)543-4985,1-(917)917-9665,1-(518)221-1871,146.126.111.35
06/22/2020 ==> Timothy,Fernandez,06/22/2020,Male,tfernandez7t@mtv.com,51990 Crescent Oaks Park,Vienna,VA,22184,1-(571)346-6784,1-(267)239-5532,1-(772)460-2117,45.9.19.127
07/17/2020 ==> Todd,Martinez,07/17/2020,Male,tmartinezcc@ifeng.com,9964 Derek Junction,Billings,MT,59105,1-(406)926-4458,1-(432)778-2547,1-(952)952-6263,224.225.143.173
06/03/2020 ==> Victor,Adams,06/03/2020,Male,vadamsj2@twitpic.com,707 Homewood Place,Hialeah,FL,33018,1-(305)803-7705,1-(213)791-8406,1-(813)740-6062,238.81.110.221
10/16/2020 ==> Walter,Butler,10/16/2020,Male,wbutleri0@baidu.com,3103 Iowa Drive,Baltimore,MD,21275,1-(410)823-1947,1-(405)359-6619,1-(505)864-5475,120.227.6.78
02/28/2020 ==> Wanda,Ellis,02/28/2020,Female,wellisfo@cafepress.com,20005 Scott Court,Killeen,TX,76544,1-(254)797-7189,1-(973)956-4107,1-(225)152-3210,182.200.235.173
08/11/2020 ==> Wanda,Foster,08/11/2020,Female,wfoster6f@nyu.edu,825 Jana Lane,Johnson City,TN,37605,1-(423)923-3005,1-(614)771-6008,1-(630)572-8591,101.209.193.19
11/26/2020 ==> Willie,Evans,11/26/2020,Male,wevansee@usda.gov,8884 Division Plaza,Worcester,MA,01654,1-(508)884-5271,1-(832)449-4634,1-(318)275-0448,10.41.100.173
